{"interior": {"\u0441\u043e\u0437\u0434\u0430\u0432\u0430\u0442\u044c": [7.82076813655761, 2.2746724664435507], "\u0430\u0442\u043c\u043e\u0441\u0444\u0435\u0440\u0430": [8.47027027027027, 1.9354384619450171], "\u0434\u0438\u0437\u0430\u0439\u043d": [7.773512476007678, 2.29464639060265], "\u043f\u043e\u043b\u0443\u043a\u0430\u0431\u0438\u043d\u043a\u0430": [8.25, 0.82915619758885], "\u0446\u0430\u0440\u0438\u0442\u044c": [8.416666666666666, 1.8999268991785507], "\u043c\u0443\u0437\u044b\u043a\u0430\u043e\u0447\u0435\u043d\u044c": [8.5, 1.118033988749895], "\u0438\u043d\u0442\u0435\u0440\u044c\u0435\u0440\u0447\u0438\u043a": [7.02, 1.6551737068960464], "\u043b\u0430\u0443\u043d\u0434\u0436": [8.041666666666666, 2.1885909977781495], "\u043c\u0443\u0437\u044b\u043a\u0430\u043b\u044c\u043d\u044b\u0439": [7.743362831858407, 2.0657857336281507], "\u043c\u0443\u0437\u044b\u043a\u0430\u0447\u0442\u043e": [9.0, 0.0], "\u0438\u043d\u0442\u0435\u0440\u044c\u0435\u0440": [7.75821208939553, 2.250551584410838], "\u043f\u0443\u0431\u043b\u0438\u043a\u0430": [7.522123893805309, 2.2095822899712854], "\u0434\u0443\u0448\u0435\u0432\u043d\u044b\u0439": [8.452380952380953, 1.7697700889664887], "\u043c\u0443\u0437\u044b\u0447\u043a\u0430": [7.709677419354839, 1.8698550640244436], "\u043e\u0441\u0432\u0435\u0449\u0435\u043d\u0438\u0435": [7.707182320441989, 2.2018082259808245], "\u043c\u0443\u0437\u044b\u043a\u0430": [7.9209659714599345, 2.216338942001136], "\u043b\u0430\u0443\u043d\u0436\u0430": [8.714285714285714, 1.4846149779161806], "\u043e\u0431\u0441\u0442\u0430\u043d\u043e\u0432\u043a\u0430": [8.258211678832117, 2.048661236100679], "\u043e\u0431\u0441\u0442\u0430\u043d\u043e\u0432\u043e\u0447\u043a\u0430": [7.866666666666666, 1.9618585292749549], "\u0430\u043d\u0442\u0443\u0440\u0430\u0436": [7.694444444444445, 1.9218930353966561], "\u043c\u0435\u0441\u0442\u0435\u0447\u043a\u043e": [7.958083832335329, 2.0080276817357], "\u043a\u043e\u043c\u0444\u043e\u0440\u0442": [8.09188361408882, 2.097357406497301], "\u043a\u0430\u043c\u0435\u0440\u043d\u044b\u0439": [8.216666666666667, 1.4729976993268599], "\u043f\u043e\u043b\u0443\u043c\u0440\u0430\u043a": [7.940476190476191, 1.9600242374363306]}, "service": {"\u044e\u043d\u043e\u0448\u0430": [7.0495049504950495, 2.309585011044802], "\u0433\u0430\u0440\u0434\u0435\u0440\u043e\u0431\u0449\u0438\u043a": [6.432584269662922, 2.950615067508212], "\u043c\u0430\u043b\u044c\u0447\u0438\u043a": [6.17948717948718, 3.1834652533153873], "\u043c\u0435\u043d\u0435\u0434\u0436\u0435\u0440": [5.774678111587983, 3.807982693306942], "\u043e\u0444\u0438\u0446\u0438\u0430\u043d\u0442": [6.422586750788644, 3.256166331167412], "\u043f\u043e\u0441\u0435\u0442\u0438\u0442\u0435\u043b\u044c": [6.142953929539296, 3.173701719162271], "\u0431\u0430\u0440\u043c\u0435\u043d": [6.117824773413897, 3.408007645870348], "\u0440\u0430\u0431\u043e\u0442\u043d\u0438\u043a": [6.285714285714286, 3.498541970359559], "\u043a\u043b\u0438\u0435\u043d\u0442": [5.249190938511327, 3.613685615149585], "\u0434\u0435\u0432\u0443\u0448\u043a\u0430\u043e\u0444\u0438\u0446\u0438\u0430\u043d\u0442\u043a\u0430": [7.087719298245614, 2.7927267801514253], "\u0443\u043f\u0440\u0430\u0432\u043b\u044f\u044e\u0449\u0438\u0439": [6.600877192982456, 3.5185472384393197], "\u0441\u043e\u0442\u0440\u0443\u0434\u043d\u0438\u043a": [6.34037558685446, 3.6820990453899083], "\u0440\u0435\u0431\u044f\u0442\u0430": [7.40194489465154, 3.061847004077756], "\u0445\u043e\u0437\u044f\u0438\u043d": [6.393854748603352, 3.1354285124294674], "\u0431\u0430\u0440\u044b\u0448\u043d\u044f": [6.618705035971223, 2.570993938899804], "\u0430\u0434\u043c\u0438\u043d": [5.711587982832618, 3.683403627784698], "\u043f\u0440\u043e\u0444\u0435\u0441\u0441\u0438\u043e\u043d\u0430\u043b\u0438\u0437\u043c": [7.526315789473684, 3.3362983119908205], "\u0434\u0435\u0432\u043e\u0447\u043a\u0438\u0430\u0434\u043c\u0438\u043d\u0438\u0441\u0442\u0440\u0430\u0442\u043e\u0440": [3.5, 3.5], "\u043a\u0430\u0440\u044c\u0435\u0440\u043d\u044b\u0439": [9.0, 0.0], "\u0434\u0435\u0432\u0443\u0448\u043a\u0430\u043e\u0444\u0438\u0446\u0438\u0430\u043d\u0442": [7.01010101010101, 2.962714253412353], "\u0445\u043e\u0441\u0442\u0435\u0441\u0441\u0430": [6.875675675675676, 2.8589740557707914], "\u043e\u0444\u0438\u0446\u0430\u043d\u0442": [6.14, 3.17181336147006], "\u0434\u0435\u0432\u0443\u0448\u043a\u0430": [6.573025604038947, 3.1193625567756333], "\u0434\u0435\u0432\u043e\u0447\u043a\u0430": [6.811133200795228, 3.1582067205949373], "\u043e\u0431\u0441\u043b\u0443\u0436\u0438\u0432\u0430\u043d\u0438\u0435": [7.14288361749444, 3.0775387505444995], "\u0430\u0434\u043c\u0438\u043d\u0438\u0441\u0442\u0440\u0430\u0442\u043e\u0440": [5.689949748743719, 3.709535383480512], "\u043f\u0430\u0440\u0435\u043d\u044c": [6.5772357723577235, 3.105222797032146], "\u043f\u0435\u0440\u0441\u043e\u043d\u0430\u043b": [7.209857408555487, 3.19538019621931], "\u0434\u0435\u0432\u043e\u0447\u043a\u0438\u043e\u0444\u0438\u0446\u0438\u0430\u043d\u0442\u043a\u0430": [7.208333333333333, 3.6168490737411507], "\u043a\u0430\u043b\u044c\u044f\u043d\u0449\u0438\u043a": [6.338028169014085, 3.0670610879987974], "\u043e\u0444\u0438\u0446\u0438\u0430\u043d\u0442\u043a\u0430": [6.00102424035507, 3.2785238523591462], "\u0445\u043e\u0441\u0442\u0435\u0441": [6.7475, 2.8703211928284262], "\u0441\u043c\u0435\u043d\u0430": [6.311538461538461, 3.0469186102932717], "\u043f\u0430\u0440\u043d\u0438\u0448\u043a\u0430": [7.052631578947368, 3.1030322048386685], "\u0434\u0435\u0432\u043e\u0447\u043a\u0430\u043e\u0444\u0438\u0446\u0438\u0430\u043d\u0442\u043a\u0430": [5.0, 3.905124837953327], "\u0445\u043e\u0437\u044f\u0439\u043a\u0430": [7.674556213017752, 2.712125513882629], "\u0441\u0435\u0440\u0432\u0438\u0441": [6.795061728395062, 2.9859122998680885]}, "food": {"\u043a\u0430\u0440\u0442\u043e\u0448\u043a\u0430": [6.3906581740976645, 2.757009555650671], "medium": [6.633802816901408, 2.2469976000521115], "\u0433\u0430\u0440\u043d\u0438\u0440": [6.914330218068536, 2.4717368626879272], "\u0437\u0430\u043a\u0443\u0441\u043a\u0430": [7.392156862745098, 2.523207281606517], "\u043f\u0438\u0441\u0447\u0438": [5.0, 2.0], "\u0442\u0435\u043a\u0438\u043b\u0430": [6.407894736842105, 3.013904756898683], "\u0431\u043e\u043a\u0430\u043b": [6.957805907172996, 2.753423690861925], "\u043a\u043e\u043a\u0442\u0435\u0439\u043b\u044c": [6.507510729613734, 3.1975291266819283], "\u043e\u0440\u0438\u0435\u043d\u0442": [7.252380952380952, 2.577950283539055], "\u043a\u0443\u0440\u0438\u0446\u0430": [6.648063781321184, 2.69485541014377], "\u0432\u043e\u0434\u043a\u0430": [6.166666666666667, 3.0576372085558643], "\u0438\u0433\u0440\u0438\u0441\u0442\u044b\u0439": [7.181818181818182, 2.9331392372548506], "\u043a\u043e\u043d\u044c\u044f\u043a": [6.626373626373627, 2.99320972065639], "\u043a\u044c\u044f\u043d\u0442\u0438": [7.5625, 1.8360538526960477], "\u0421\u0442\u0440\u0430\u0441\u0442\u044c": [NaN, NaN], "\u0448\u0430\u043c\u043f\u0430\u043d\u0441\u043a\u0438\u0439": [6.245283018867925, 3.341594130799648], "\u0431\u0435\u043a\u043e\u043d": [6.756, 2.4739571540348066], "\u0433\u043e\u0440\u044f\u0435\u0435": [8.0, 0.0], "\u043f\u0440\u043e\u0434\u0443\u043a\u0442": [6.959447004608295, 2.685378684724226], "\u0431\u043e\u043a\u0430\u043b\u044c\u0447\u0438\u043a": [7.222222222222222, 2.9409233214015145], "\u0437\u0430\u043c\u043e\u0440\u0430\u0436\u0438\u0432\u0430\u0442\u044c": [5.495575221238938, 2.869195236697682], "\u0432\u0438\u043d\u0430\u043a\u0441\u0442\u0430\u0442\u0438": [9.5, 0.5], "\u043f\u043e\u044d\u043b\u044c": [3.0, 2.0], "\u0432\u0430\u0440\u0435\u043d\u044b\u0439": [5.627218934911243, 2.670809545179835], "\u0440\u0438\u0441\u043b\u0438\u043d\u0433": [8.2, 1.7204650534085253], "\u0431\u0435\u0437\u0430\u043b\u043a\u043e\u0433\u043e\u043b\u044c": [7.099290780141844, 2.750383505274347], "\u043e\u0432\u043e\u0449": [7.018048128342246, 2.480204070833241],